instance,family,activation,dim,modules,threshold_label,task_kind,threshold_reference,t,g_min,threshold_margin,is_true_threshold,n_violating_live_leaves,U_ge_transfer,dict_size_thr_transfer,dict_size_thr_parent,dict_size_thr_drop,dict_size_thr_mix,dict_size_threshold_union,OPT_ge_exposed_milp,OPT_ge_exposed_greedy,OPT_ge_exposed_lp_rounding,LB_ge_omega_common,LB_ge_chi_exact_common,LB_ge_omega_exposed,LB_ge_chi_exact_exposed,LB_ge_omega,LB_ge_chi_exact,T_min_ge_milp,timeout_ge_milp,false_control_behavior,OPT_ge_over_OPT_eq,gap_transfer_over_opt,gap_opt_over_lb_exposed,true_VAC_ge_L_grd
tiny_relu_hinge_1d,GoldTiny,ReLU,1,1,tight_true,canonical_true,g_min,-0.25,-0.25,0.0,True,0,2.0,2,0,3,0,3,1.0,1.0,1.0,1,1.0,1,1.0,1,1.0,0.0006880601868033409,False,finite_cover,0.5,2.0,1.0,1.0
tiny_relu_hinge_1d,GoldTiny,ReLU,1,1,false_control,false_control,g_min_plus_delta,-0.23,-0.25,-0.01999999999999999,False,2,inf,0,0,0,0,0,,,,2,2.0,2,2.0,2,2.0,,,no_finite_cover_or_timeout,,,,
tiny_abs_1d,GoldTiny,Abs,1,1,tight_true,canonical_true,g_min,-0.5,-0.5,0.0,True,0,2.0,2,0,3,0,3,1.0,1.0,1.0,1,1.0,1,1.0,1,1.0,0.000677560456097126,False,finite_cover,0.5,2.0,1.0,1.0
tiny_abs_1d,GoldTiny,Abs,1,1,false_control,false_control,g_min_plus_delta,-0.48,-0.5,-0.020000000000000018,False,2,inf,0,0,0,0,0,,,,2,2.0,2,2.0,2,2.0,,,no_finite_cover_or_timeout,,,,
tiny_relu_abs_2d,GoldTiny,ReLU+Abs,2,2,tight_true,canonical_true,g_min,-0.4,-0.4,0.0,True,0,4.0,4,0,8,0,8,2.0,2.0,2.0,1,1.0,2,2.0,2,2.0,0.007253748364746571,False,finite_cover,0.5,2.0,1.0,1.0
tiny_relu_abs_2d,GoldTiny,ReLU+Abs,2,2,false_control,false_control,g_min_plus_delta,-0.38,-0.4,-0.020000000000000018,False,4,inf,0,0,0,0,0,,,,4,4.0,4,4.0,4,4.0,,,no_finite_cover_or_timeout,,,,
tiny_leaky_2d,GoldTiny,LeakyReLU,2,1,tight_true,canonical_true,g_min,-1.92,-1.92,0.0,True,0,2.0,2,0,3,0,3,1.0,1.0,1.0,1,1.0,1,1.0,1,1.0,0.0006872899830341339,False,finite_cover,0.5,2.0,1.0,1.0
tiny_leaky_2d,GoldTiny,LeakyReLU,2,1,false_control,false_control,g_min_plus_delta,-1.9,-1.92,-0.020000000000000018,False,1,inf,1,0,1,0,1,inf,inf,inf,2,2.0,2,2.0,2,2.0,0.0006253952160477638,False,no_finite_cover_or_timeout,,,,
tiny_maxout_2d,GoldTiny,Maxout,2,1,tight_true,canonical_true,g_min,-0.75,-0.75,0.0,True,0,8.0,8,0,20,0,20,4.0,4.0,4.0,1,1.0,4,4.0,4,4.0,0.0049787117168307304,False,finite_cover,1.0,2.0,1.0,1.0
tiny_maxout_2d,GoldTiny,Maxout,2,1,false_control,false_control,g_min_plus_delta,-0.73,-0.75,-0.020000000000000018,False,2,inf,6,0,13,0,13,inf,inf,inf,4,4.0,5,5.0,5,5.0,0.000646526925265789,False,no_finite_cover_or_timeout,,,,
tiny_residual_2d,GoldTiny,Residual+ReLU,2,1,tight_true,canonical_true,g_min,0.2,0.2,0.0,True,0,2.0,2,0,3,0,3,1.0,1.0,1.0,1,1.0,1,1.0,1,1.0,0.000658547505736351,False,finite_cover,0.5,2.0,1.0,1.0
tiny_residual_2d,GoldTiny,Residual+ReLU,2,1,false_control,false_control,g_min_plus_delta,0.22,0.2,-0.01999999999999999,False,2,inf,0,0,0,0,0,,,,2,2.0,2,2.0,2,2.0,,,no_finite_cover_or_timeout,,,,
FamilyA_d2_M4_relu_seed0,FamilyA,relu,2,4,tight_true,canonical_true,g_min,-1.85,-1.85,0.0,True,0,11.0,11,0,39,0,39,6.0,6.0,6.0,1,1.0,6,6.0,6,6.0,0.004688160493969917,False,finite_cover,0.5454545454545454,1.8333333333333333,1.0,
FamilyA_d2_M4_relu_seed0,FamilyA,relu,2,4,false_control,false_control,g_min_plus_delta,-1.83,-1.85,-0.020000000000000018,False,1,inf,10,0,34,0,34,inf,inf,inf,4,4.0,7,7.0,7,7.0,0.0006500370800495148,False,no_finite_cover_or_timeout,,,,
FamilyA_d2_M4_relu_seed1,FamilyA,relu,2,4,tight_true,canonical_true,g_min,-0.32,-0.32,0.0,True,0,10.0,10,0,36,0,36,6.0,6.0,6.0,1,1.0,6,6.0,6,6.0,0.005099191330373287,False,finite_cover,0.6,1.6666666666666667,1.0,
FamilyA_d2_M4_relu_seed1,FamilyA,relu,2,4,false_control,false_control,g_min_plus_delta,-0.3,-0.32,-0.020000000000000018,False,6,inf,4,0,13,0,13,inf,inf,inf,8,8.0,9,9.0,9,9.0,0.0006379960104823112,False,no_finite_cover_or_timeout,,,,
FamilyA_d2_M4_relu_seed2,FamilyA,relu,2,4,tight_true,canonical_true,g_min,-1.525,-1.525,0.0,True,0,11.0,11,0,39,0,39,6.0,6.0,6.0,1,1.0,6,6.0,6,6.0,0.004698982462286949,False,finite_cover,0.6,1.8333333333333333,1.0,
FamilyA_d2_M4_relu_seed2,FamilyA,relu,2,4,false_control,false_control,g_min_plus_delta,-1.505,-1.525,-0.020000000000000018,False,2,inf,9,0,30,0,30,inf,inf,inf,5,5.0,7,7.0,7,7.0,0.000655248761177063,False,no_finite_cover_or_timeout,,,,
FamilyA_d2_M4_leakyrelu_seed0,FamilyA,leakyrelu,2,4,tight_true,canonical_true,g_min,-2.121,-2.121,0.0,True,0,11.0,11,0,39,0,39,6.0,6.0,6.0,1,1.0,6,6.0,6,6.0,0.0049293190240859985,False,finite_cover,0.5454545454545454,1.8333333333333333,1.0,
FamilyA_d2_M4_leakyrelu_seed0,FamilyA,leakyrelu,2,4,false_control,false_control,g_min_plus_delta,-2.101,-2.121,-0.020000000000000018,False,1,inf,10,0,34,0,34,inf,inf,inf,4,4.0,7,7.0,7,7.0,0.0006636185571551323,False,no_finite_cover_or_timeout,,,,
FamilyA_d2_M4_leakyrelu_seed1,FamilyA,leakyrelu,2,4,tight_true,canonical_true,g_min,-0.63,-0.63,0.0,True,0,10.0,10,0,36,0,36,6.0,6.0,6.0,1,1.0,6,6.0,6,6.0,0.005020326003432274,False,finite_cover,0.6,1.6666666666666667,1.0,
FamilyA_d2_M4_leakyrelu_seed1,FamilyA,leakyrelu,2,4,false_control,false_control,g_min_plus_delta,-0.61,-0.63,-0.020000000000000018,False,1,inf,9,0,31,0,31,inf,inf,inf,4,4.0,7,7.0,7,7.0,0.000672709196805954,False,no_finite_cover_or_timeout,,,,
FamilyA_d2_M4_leakyrelu_seed2,FamilyA,leakyrelu,2,4,tight_true,canonical_true,g_min,-1.70175,-1.70175,0.0,True,0,11.0,11,0,39,0,39,6.0,6.0,6.0,1,1.0,6,6.0,6,6.0,0.004902875982224941,False,finite_cover,0.6,1.8333333333333333,1.0,
FamilyA_d2_M4_leakyrelu_seed2,FamilyA,leakyrelu,2,4,false_control,false_control,g_min_plus_delta,-1.68175,-1.70175,-0.020000000000000018,False,2,inf,9,0,30,0,30,inf,inf,inf,5,5.0,7,7.0,7,7.0,0.0006606783717870712,False,no_finite_cover_or_timeout,,,,
FamilyA_d2_M4_abs_seed0,FamilyA,abs,2,4,tight_true,canonical_true,g_min,-0.35250000000000004,-0.35250000000000004,0.0,True,0,11.0,11,0,39,0,39,6.0,6.0,6.0,1,1.0,6,6.0,6,6.0,0.004880624823272228,False,finite_cover,0.5454545454545454,1.8333333333333333,1.0,
FamilyA_d2_M4_abs_seed0,FamilyA,abs,2,4,false_control,false_control,g_min_plus_delta,-0.3325,-0.35250000000000004,-0.020000000000000018,False,7,inf,4,0,13,0,13,inf,inf,inf,8,8.0,9,9.0,9,9.0,0.0006469674408435822,False,no_finite_cover_or_timeout,,,,
FamilyA_d2_M4_abs_seed1,FamilyA,abs,2,4,tight_true,canonical_true,g_min,0.11499999999999999,0.11499999999999999,0.0,True,0,10.0,10,0,36,0,36,6.0,6.0,6.0,1,1.0,6,6.0,6,6.0,0.005094291642308235,False,finite_cover,0.6,1.6666666666666667,1.0,
FamilyA_d2_M4_abs_seed1,FamilyA,abs,2,4,false_control,false_control,g_min_plus_delta,0.13499999999999998,0.11499999999999999,-0.01999999999999999,False,4,inf,6,0,20,0,20,inf,inf,inf,6,6.0,8,8.0,8,8.0,0.00066421739757061,False,no_finite_cover_or_timeout,,,,
FamilyA_d2_M4_abs_seed2,FamilyA,abs,2,4,tight_true,canonical_true,g_min,0.0024999999999999883,0.0024999999999999883,0.0,True,0,11.0,11,0,39,0,39,6.0,6.0,6.0,1,1.0,6,6.0,6,6.0,0.004866303876042366,False,finite_cover,0.6,1.8333333333333333,1.0,
FamilyA_d2_M4_abs_seed2,FamilyA,abs,2,4,false_control,false_control,g_min_plus_delta,0.02249999999999999,0.0024999999999999883,-0.02,False,4,inf,7,0,23,0,23,inf,inf,inf,6,6.0,8,8.0,8,8.0,0.0006406176835298538,False,no_finite_cover_or_timeout,,,,
FamilyA_d2_M4_maxout_seed0,FamilyA,maxout,2,4,tight_true,canonical_true,g_min,-0.1584375,-0.1584375,0.0,True,0,10.0,10,0,36,0,36,5.0,5.0,5.0,1,1.0,5,5.0,5,5.0,0.005105791613459587,False,finite_cover,0.5,2.0,1.0,
FamilyA_d2_M4_maxout_seed0,FamilyA,maxout,2,4,false_control,false_control,g_min_plus_delta,-0.13843750000000002,-0.1584375,-0.01999999999999999,False,6,inf,4,0,13,0,13,inf,inf,inf,7,7.0,8,8.0,8,8.0,0.0006383871659636497,False,no_finite_cover_or_timeout,,,,
FamilyA_d2_M4_maxout_seed1,FamilyA,maxout,2,4,tight_true,canonical_true,g_min,-0.055,-0.055,0.0,True,0,9.0,9,0,33,0,33,5.0,5.0,5.0,1,1.0,5,5.0,5,5.0,0.005455527454614639,False,finite_cover,0.5555555555555556,1.8,1.0,
FamilyA_d2_M4_maxout_seed1,FamilyA,maxout,2,4,false_control,false_control,g_min_plus_delta,-0.035,-0.055,-0.019999999999999997,False,6,inf,3,0,10,0,10,inf,inf,inf,7,7.0,8,8.0,8,8.0,0.0006482070311903954,False,no_finite_cover_or_timeout,,,,
FamilyA_d2_M4_maxout_seed2,FamilyA,maxout,2,4,tight_true,canonical_true,g_min,-0.19437500000000002,-0.19437500000000002,0.0,True,0,9.0,9,0,33,0,33,5.0,5.0,5.0,1,1.0,5,5.0,5,5.0,0.0051552047953009605,False,finite_cover,0.5555555555555556,1.8,1.0,
FamilyA_d2_M4_maxout_seed2,FamilyA,maxout,2,4,false_control,false_control,g_min_plus_delta,-0.17437500000000003,-0.19437500000000002,-0.01999999999999999,False,4,inf,5,0,17,0,17,inf,inf,inf,6,6.0,7,7.0,7,7.0,0.0006460873410105705,False,no_finite_cover_or_timeout,,,,
FamilyA_d2_M6_relu_seed0,FamilyA,relu,2,6,tight_true,canonical_true,g_min,0.07833333333333332,0.07833333333333332,0.0,True,0,20.0,20,0,108,0,108,10.0,10.0,10.0,1,,9,,9,,0.00399033073335886,False,finite_cover,0.5,2.0,1.1111111111111112,
FamilyA_d2_M6_relu_seed0,FamilyA,relu,2,6,false_control,false_control,g_min_plus_delta,0.09833333333333333,0.07833333333333332,-0.020000000000000004,False,2,inf,18,0,95,0,95,inf,inf,inf,4,,10,,10,,0.0007382147014141083,False,no_finite_cover_or_timeout,,,,
FamilyA_d2_M6_relu_seed1,FamilyA,relu,2,6,tight_true,canonical_true,g_min,-0.5000000000000001,-0.5000000000000001,0.0,True,0,18.0,18,0,98,0,98,9.0,9.0,9.0,1,,8,,8,,0.0041885050013661385,False,finite_cover,0.5,2.0,1.125,
FamilyA_d2_M6_relu_seed1,FamilyA,relu,2,6,false_control,false_control,g_min_plus_delta,-0.4800000000000001,-0.5000000000000001,-0.020000000000000018,False,6,inf,12,0,63,0,63,inf,inf,inf,8,,12,,12,,0.0007199021056294441,False,no_finite_cover_or_timeout,,,,
FamilyA_d2_M6_relu_seed2,FamilyA,relu,2,6,tight_true,canonical_true,g_min,-1.605,-1.605,0.0,True,0,20.0,20,0,108,0,108,12.0,12.0,12.0,1,,12,,12,,0.003974439576268196,False,finite_cover,0.631578947368421,1.6666666666666667,1.0,
FamilyA_d2_M6_relu_seed2,FamilyA,relu,2,6,false_control,false_control,g_min_plus_delta,-1.585,-1.605,-0.020000000000000018,False,3,inf,17,0,89,0,89,inf,inf,inf,7,,14,,14,,0.0007164720445871353,False,no_finite_cover_or_timeout,,,,
FamilyA_d2_M6_leakyrelu_seed0,FamilyA,leakyrelu,2,6,tight_true,canonical_true,g_min,-0.2986666666666667,-0.2986666666666667,0.0,True,0,20.0,20,0,108,0,108,10.0,10.0,10.0,1,,9,,9,,0.003969788551330566,False,finite_cover,0.5,2.0,1.1111111111111112,
FamilyA_d2_M6_leakyrelu_seed0,FamilyA,leakyrelu,2,6,false_control,false_control,g_min_plus_delta,-0.2786666666666667,-0.2986666666666667,-0.020000000000000018,False,2,inf,18,0,95,0,95,inf,inf,inf,4,,10,,10,,0.0007258038967847824,False,no_finite_cover_or_timeout,,,,
FamilyA_d2_M6_leakyrelu_seed1,FamilyA,leakyrelu,2,6,tight_true,canonical_true,g_min,-0.9515,-0.9515,0.0,True,0,18.0,18,0,98,0,98,9.0,9.0,9.0,1,,8,,8,,0.004305393435060978,False,finite_cover,0.5,2.0,1.125,
FamilyA_d2_M6_leakyrelu_seed1,FamilyA,leakyrelu,2,6,false_control,false_control,g_min_plus_delta,-0.9315,-0.9515,-0.020000000000000018,False,1,inf,17,0,91,0,91,inf,inf,inf,4,,9,,9,,0.000750894658267498,False,no_finite_cover_or_timeout,,,,
FamilyA_d2_M6_leakyrelu_seed2,FamilyA,leakyrelu,2,6,tight_true,canonical_true,g_min,-1.90425,-1.90425,0.0,True,0,20.0,20,0,108,0,108,12.0,12.0,12.0,1,,12,,12,,0.004235987551510334,False,finite_cover,0.631578947368421,1.6666666666666667,1.0,
FamilyA_d2_M6_leakyrelu_seed2,FamilyA,leakyrelu,2,6,false_control,false_control,g_min_plus_delta,-1.88425,-1.90425,-0.020000000000000018,False,3,inf,17,0,89,0,89,inf,inf,inf,7,,14,,14,,0.0007257228717207909,False,no_finite_cover_or_timeout,,,,
FamilyA_d2_M6_abs_seed0,FamilyA,abs,2,6,tight_true,canonical_true,g_min,0.345,0.345,0.0,True,0,20.0,20,0,108,0,108,10.0,10.0,10.0,1,,9,,9,,0.0041962359100580215,False,finite_cover,0.5,2.0,1.1111111111111112,
FamilyA_d2_M6_abs_seed0,FamilyA,abs,2,6,false_control,false_control,g_min_plus_delta,0.365,0.345,-0.020000000000000018,False,10,inf,10,0,52,0,52,inf,inf,inf,13,,15,,15,,0.0006940504536032677,False,no_finite_cover_or_timeout,,,,
FamilyA_d2_M6_abs_seed1,FamilyA,abs,2,6,tight_true,canonical_true,g_min,0.1499999999999999,0.1499999999999999,0.0,True,0,18.0,18,0,98,0,98,9.0,9.0,9.0,1,,8,,8,,0.004358828067779541,False,finite_cover,0.5,2.0,1.125,
FamilyA_d2_M6_abs_seed1,FamilyA,abs,2,6,false_control,false_control,g_min_plus_delta,0.1699999999999999,0.1499999999999999,-0.01999999999999999,False,7,inf,11,0,58,0,58,inf,inf,inf,10,,13,,13,,0.0006999112665653229,False,no_finite_cover_or_timeout,,,,
FamilyA_d2_M6_abs_seed2,FamilyA,abs,2,6,tight_true,canonical_true,g_min,0.485,0.485,0.0,True,0,20.0,20,0,108,0,108,12.0,12.0,12.0,1,,12,,12,,0.004166892729699612,False,finite_cover,0.631578947368421,1.6666666666666667,1.0,
FamilyA_d2_M6_abs_seed2,FamilyA,abs,2,6,false_control,false_control,g_min_plus_delta,0.505,0.485,-0.020000000000000018,False,4,inf,16,0,84,0,84,inf,inf,inf,8,,14,,14,,0.0007421839982271194,False,no_finite_cover_or_timeout,,,,
FamilyA_d2_M6_maxout_seed0,FamilyA,maxout,2,6,tight_true,canonical_true,g_min,0.2845833333333333,0.2845833333333333,0.0,True,0,18.0,18,0,98,0,98,10.0,10.0,10.0,1,,10,,10,,0.004427172243595123,False,finite_cover,0.5555555555555556,1.8,1.0,
FamilyA_d2_M6_maxout_seed0,FamilyA,maxout,2,6,false_control,false_control,g_min_plus_delta,0.3045833333333333,0.2845833333333333,-0.020000000000000018,False,4,inf,14,0,74,0,74,inf,inf,inf,6,,12,,12,,0.0007230332121253014,False,no_finite_cover_or_timeout,,,,
FamilyA_d2_M6_maxout_seed1,FamilyA,maxout,2,6,tight_true,canonical_true,g_min,0.26874999999999993,0.26874999999999993,0.0,True,0,16.0,16,0,88,0,88,8.0,8.0,8.0,1,,8,,8,,0.004509808495640755,False,finite_cover,0.5,2.0,1.0,
FamilyA_d2_M6_maxout_seed1,FamilyA,maxout,2,6,false_control,false_control,g_min_plus_delta,0.28874999999999995,0.26874999999999993,-0.020000000000000018,False,6,inf,10,0,53,0,53,inf,inf,inf,9,,11,,11,,0.0007072407752275467,False,no_finite_cover_or_timeout,,,,
FamilyA_d2_M6_maxout_seed2,FamilyA,maxout,2,6,tight_true,canonical_true,g_min,0.23874999999999996,0.23874999999999996,0.0,True,0,17.0,17,0,93,0,93,9.0,9.0,9.0,1,,9,,9,,0.004408400505781174,False,finite_cover,0.5294117647058824,1.8888888888888888,1.0,
FamilyA_d2_M6_maxout_seed2,FamilyA,maxout,2,6,false_control,false_control,g_min_plus_delta,0.25875,0.23874999999999996,-0.020000000000000018,False,6,inf,11,0,58,0,58,inf,inf,inf,9,,12,,12,,0.0007031215354800224,False,no_finite_cover_or_timeout,,,,
FamilyA_d2_M8_relu_seed0,FamilyA,relu,2,8,tight_true,canonical_true,g_min,-0.30000000000000004,-0.30000000000000004,0.0,True,0,33.0,33,0,241,0,241,17.0,17.0,17.0,1,,16,,16,,0.004111830145120621,False,finite_cover,0.5151515151515151,1.9411764705882353,1.0625,
FamilyA_d2_M8_relu_seed0,FamilyA,relu,2,8,false_control,false_control,g_min_plus_delta,-0.28,-0.30000000000000004,-0.020000000000000018,False,7,inf,26,0,187,0,187,inf,inf,inf,9,,16,,16,,0.0008897231891751289,False,no_finite_cover_or_timeout,,,,
FamilyA_d2_M8_relu_seed1,FamilyA,relu,2,8,tight_true,canonical_true,g_min,-0.715,-0.715,0.0,True,0,27.0,27,0,199,0,199,15.0,15.0,15.0,1,,14,,14,,0.004193006083369255,False,finite_cover,0.5555555555555556,1.8,1.0714285714285714,
FamilyA_d2_M8_relu_seed1,FamilyA,relu,2,8,false_control,false_control,g_min_plus_delta,-0.695,-0.715,-0.020000000000000018,False,2,inf,25,0,182,0,182,inf,inf,inf,5,,15,,15,,0.0008901851251721382,False,no_finite_cover_or_timeout,,,,
FamilyA_d2_M8_relu_seed2,FamilyA,relu,2,8,tight_true,canonical_true,g_min,-1.675,-1.675,0.0,True,0,26.0,26,0,192,0,192,15.0,15.0,15.0,1,,15,,15,,0.004194324836134911,False,finite_cover,0.6,1.7333333333333334,1.0,
FamilyA_d2_M8_relu_seed2,FamilyA,relu,2,8,false_control,false_control,g_min_plus_delta,-1.655,-1.675,-0.020000000000000018,False,3,inf,23,0,167,0,167,inf,inf,inf,6,,16,,16,,0.0008342908695340157,False,no_finite_cover_or_timeout,,,,
FamilyA_d2_M8_leakyrelu_seed0,FamilyA,leakyrelu,2,8,tight_true,canonical_true,g_min,-0.8485,-0.8485,0.0,True,0,33.0,33,0,241,0,241,17.0,17.0,17.0,1,,16,,16,,0.0041183000430464745,False,finite_cover,0.5151515151515151,1.9411764705882353,1.0625,
FamilyA_d2_M8_leakyrelu_seed0,FamilyA,leakyrelu,2,8,false_control,false_control,g_min_plus_delta,-0.8285,-0.8485,-0.020000000000000018,False,2,inf,31,0,224,0,224,inf,inf,inf,5,,16,,16,,0.0009456789121031761,False,no_finite_cover_or_timeout,,,,
FamilyA_d2_M8_leakyrelu_seed1,FamilyA,leakyrelu,2,8,tight_true,canonical_true,g_min,-1.2295,-1.2295,0.0,True,0,27.0,27,0,199,0,199,15.0,15.0,15.0,1,,14,,14,,0.004156382754445076,False,finite_cover,0.5555555555555556,1.8,1.0714285714285714,
FamilyA_d2_M8_leakyrelu_seed1,FamilyA,leakyrelu,2,8,false_control,false_control,g_min_plus_delta,-1.2095,-1.2295,-0.020000000000000018,False,2,inf,25,0,182,0,182,inf,inf,inf,5,,15,,15,,0.000886864960193634,False,no_finite_cover_or_timeout,,,,
FamilyA_d2_M8_leakyrelu_seed2,FamilyA,leakyrelu,2,8,tight_true,canonical_true,g_min,-2.08175,-2.08175,0.0,True,0,26.0,26,0,192,0,192,15.0,15.0,15.0,1,,15,,15,,0.004162303172051907,False,finite_cover,0.6,1.7333333333333334,1.0,
FamilyA_d2_M8_leakyrelu_seed2,FamilyA,leakyrelu,2,8,false_control,false_control,g_min_plus_delta,-2.06175,-2.08175,-0.020000000000000018,False,2,inf,24,0,175,0,175,inf,inf,inf,5,,15,,15,,0.0008367514237761497,False,no_finite_cover_or_timeout,,,,
FamilyA_d2_M8_abs_seed0,FamilyA,abs,2,8,tight_true,canonical_true,g_min,1.52,1.52,0.0,True,0,33.0,33,0,241,0,241,17.0,17.0,17.0,1,,16,,16,,0.00409326795488596,False,finite_cover,0.5151515151515151,1.9411764705882353,1.0625,
FamilyA_d2_M8_abs_seed0,FamilyA,abs,2,8,false_control,false_control,g_min_plus_delta,1.54,1.52,-0.020000000000000018,False,4,inf,29,0,209,0,209,inf,inf,inf,7,,16,,16,,0.0009401077404618263,False,no_finite_cover_or_timeout,,,,
FamilyA_d2_M8_abs_seed1,FamilyA,abs,2,8,tight_true,canonical_true,g_min,0.8333333333333333,0.8333333333333333,0.0,True,0,27.0,27,0,199,0,199,15.0,15.0,15.0,1,,14,,14,,0.004141812212765217,False,finite_cover,0.5555555555555556,1.8,1.0714285714285714,
FamilyA_d2_M8_abs_seed1,FamilyA,abs,2,8,false_control,false_control,g_min_plus_delta,0.8533333333333333,0.8333333333333333,-0.020000000000000018,False,6,inf,21,0,152,0,152,inf,inf,inf,11,,16,,16,,0.0008319709450006485,False,no_finite_cover_or_timeout,,,,
FamilyA_d2_M8_abs_seed2,FamilyA,abs,2,8,tight_true,canonical_true,g_min,1.4808333333333332,1.4808333333333332,0.0,True,0,26.0,26,0,192,0,192,15.0,15.0,15.0,1,,15,,15,,0.0041870055720210075,False,finite_cover,0.6,1.7333333333333334,1.0,
FamilyA_d2_M8_abs_seed2,FamilyA,abs,2,8,false_control,false_control,g_min_plus_delta,1.5008333333333332,1.4808333333333332,-0.020000000000000018,False,4,inf,22,0,160,0,160,inf,inf,inf,8,,16,,16,,0.0008464120328426361,False,no_finite_cover_or_timeout,,,,
FamilyA_d2_M8_maxout_seed0,FamilyA,maxout,2,8,tight_true,canonical_true,g_min,0.32499999999999996,0.32499999999999996,0.0,True,0,29.0,29,0,213,0,213,15.0,15.0,15.0,1,,13,,13,,0.004180675372481346,False,finite_cover,0.5172413793103449,1.9333333333333333,1.1538461538461537,
FamilyA_d2_M8_maxout_seed0,FamilyA,maxout,2,8,false_control,false_control,g_min_plus_delta,0.345,0.32499999999999996,-0.020000000000000018,False,4,inf,25,0,181,0,181,inf,inf,inf,7,,16,,16,,0.0008693039417266846,False,no_finite_cover_or_timeout,,,,
FamilyA_d2_M8_maxout_seed1,FamilyA,maxout,2,8,tight_true,canonical_true,g_min,1.0687499999999999,1.0687499999999999,0.0,True,0,25.0,25,0,185,0,185,13.0,13.0,13.0,1,,13,,13,,0.004193894565105438,False,finite_cover,0.52,1.9230769230769231,1.0,
FamilyA_d2_M8_maxout_seed1,FamilyA,maxout,2,8,false_control,false_control,g_min_plus_delta,1.0887499999999999,1.0687499999999999,-0.020000000000000018,False,4,inf,21,0,153,0,153,inf,inf,inf,8,,13,,13,,0.000874202698469162,False,no_finite_cover_or_timeout,,,,
FamilyA_d2_M8_maxout_seed2,FamilyA,maxout,2,8,tight_true,canonical_true,g_min,0.9133333333333332,0.9133333333333332,0.0,True,0,27.0,27,0,199,0,199,14.0,14.0,14.0,1,,11,,11,,0.004189414903521538,False,finite_cover,0.5185185185185185,1.9285714285714286,1.2727272727272727,
FamilyA_d2_M8_maxout_seed2,FamilyA,maxout,2,8,false_control,false_control,g_min_plus_delta,0.9333333333333332,0.9133333333333332,-0.020000000000000018,False,6,inf,21,0,152,0,152,inf,inf,inf,10,,15,,15,,0.0008722944185137749,False,no_finite_cover_or_timeout,,,,
FamilyA_d2_M10_relu_seed0,FamilyA,relu,2,10,tight_true,canonical_true,g_min,-0.5800000000000001,-0.5800000000000001,0.0,True,0,43.0,43,0,384,0,384,23.0,23.0,23.0,1,,16,,16,,0.0045478809624910355,False,finite_cover,0.5348837209302325,1.8695652173913044,1.4375,
FamilyA_d2_M10_relu_seed0,FamilyA,relu,2,10,false_control,false_control,g_min_plus_delta,-0.56,-0.5800000000000001,-0.020000000000000018,False,8,inf,35,0,321,0,321,inf,inf,inf,12,,16,,16,,0.0010496871545910835,False,no_finite_cover_or_timeout,,,,
FamilyA_d2_M10_relu_seed1,FamilyA,relu,2,10,tight_true,canonical_true,g_min,-0.48000000000000004,-0.48000000000000004,0.0,True,0,44.0,44,0,384,0,384,23.0,23.0,23.0,1,,16,,16,,0.00457968283444643,False,finite_cover,0.5227272727272727,1.9130434782608696,1.4375,
FamilyA_d2_M10_relu_seed1,FamilyA,relu,2,10,false_control,false_control,g_min_plus_delta,-0.46,-0.48000000000000004,-0.020000000000000018,False,6,inf,38,0,349,0,349,inf,inf,inf,9,,16,,16,,0.0010819686576724052,False,no_finite_cover_or_timeout,,,,
FamilyA_d2_M10_relu_seed2,FamilyA,relu,2,10,tight_true,canonical_true,g_min,-0.885,-0.885,0.0,True,0,35.0,35,0,327,0,327,19.0,19.0,19.0,1,,16,,16,,0.004443854093551636,False,finite_cover,0.5588235294117647,1.8421052631578947,1.1875,
FamilyA_d2_M10_relu_seed2,FamilyA,relu,2,10,false_control,false_control,g_min_plus_delta,-0.865,-0.885,-0.020000000000000018,False,2,inf,33,0,306,0,306,inf,inf,inf,5,,16,,16,,0.0010193539783358574,False,no_finite_cover_or_timeout,,,,
FamilyA_d2_M10_leakyrelu_seed0,FamilyA,leakyrelu,2,10,tight_true,canonical_true,g_min,-1.33475,-1.33475,0.0,True,0,43.0,43,0,384,0,384,23.0,23.0,23.0,1,,16,,16,,0.0045346710830926895,False,finite_cover,0.5348837209302325,1.8695652173913044,1.4375,
FamilyA_d2_M10_leakyrelu_seed0,FamilyA,leakyrelu,2,10,false_control,false_control,g_min_plus_delta,-1.31475,-1.33475,-0.020000000000000018,False,2,inf,41,0,378,0,378,inf,inf,inf,5,,16,,16,,0.001148143783211708,False,no_finite_cover_or_timeout,,,,
FamilyA_d2_M10_leakyrelu_seed1,FamilyA,leakyrelu,2,10,tight_true,canonical_true,g_min,-1.10275,-1.10275,0.0,True,0,44.0,44,0,384,0,384,23.0,23.0,23.0,1,,16,,16,,0.004566863179206848,False,finite_cover,0.5227272727272727,1.9130434782608696,1.4375,
FamilyA_d2_M10_leakyrelu_seed1,FamilyA,leakyrelu,2,10,false_control,false_control,g_min_plus_delta,-1.0827499999999999,-1.10275,-0.020000000000000018,False,4,inf,40,0,368,0,368,inf,inf,inf,7,,16,,16,,0.0011771060526371002,False,no_finite_cover_or_timeout,,,,
FamilyA_d2_M10_leakyrelu_seed2,FamilyA,leakyrelu,2,10,tight_true,canonical_true,g_min,-1.962,-1.962,0.0,True,0,35.0,35,0,327,0,327,19.0,19.0,19.0,1,,16,,16,,0.004412172362208366,False,finite_cover,0.5588235294117647,1.8421052631578947,1.1875,
FamilyA_d2_M10_leakyrelu_seed2,FamilyA,leakyrelu,2,10,false_control,false_control,g_min_plus_delta,-1.942,-1.962,-0.020000000000000018,False,1,inf,34,0,316,0,316,inf,inf,inf,4,,16,,16,,0.0010399864986538887,False,no_finite_cover_or_timeout,,,,
FamilyA_d2_M10_abs_seed0,FamilyA,abs,2,10,tight_true,canonical_true,g_min,2.6229999999999998,2.6229999999999998,0.0,True,0,43.0,43,0,384,0,384,23.0,23.0,23.0,1,,16,,16,,0.0044873664155602455,False,finite_cover,0.5348837209302325,1.8695652173913044,1.4375,
FamilyA_d2_M10_abs_seed0,FamilyA,abs,2,10,false_control,false_control,g_min_plus_delta,2.643,2.6229999999999998,-0.020000000000000018,False,4,inf,39,0,359,0,359,inf,inf,inf,8,,16,,16,,0.0011279135942459106,False,no_finite_cover_or_timeout,,,,
FamilyA_d2_M10_abs_seed1,FamilyA,abs,2,10,tight_true,canonical_true,g_min,1.09125,1.09125,0.0,True,0,44.0,44,0,384,0,384,23.0,23.0,23.0,1,,16,,16,,0.004539359360933304,False,finite_cover,0.5227272727272727,1.9130434782608696,1.4375,
FamilyA_d2_M10_abs_seed1,FamilyA,abs,2,10,false_control,false_control,g_min_plus_delta,1.11125,1.09125,-0.020000000000000018,False,4,inf,40,0,368,0,368,inf,inf,inf,9,,16,,16,,0.0012049879878759384,False,no_finite_cover_or_timeout,,,,
FamilyA_d2_M10_abs_seed2,FamilyA,abs,2,10,tight_true,canonical_true,g_min,2.4883333333333333,2.4883333333333333,0.0,True,0,35.0,35,0,327,0,327,19.0,19.0,19.0,1,,16,,16,,0.0044462839141488075,False,finite_cover,0.5588235294117647,1.8421052631578947,1.1875,
FamilyA_d2_M10_abs_seed2,FamilyA,abs,2,10,false_control,false_control,g_min_plus_delta,2.5083333333333333,2.4883333333333333,-0.020000000000000018,False,6,inf,29,0,268,0,268,inf,inf,inf,10,,16,,16,,0.0009932918474078178,False,no_finite_cover_or_timeout,,,,
FamilyA_d2_M10_maxout_seed0,FamilyA,maxout,2,10,tight_true,canonical_true,g_min,0.96875,0.96875,0.0,True,0,31.0,31,0,289,0,289,16.0,16.0,16.0,1,,14,,14,,0.004347115755081177,False,finite_cover,0.5161290322580645,1.9375,1.1428571428571428,
FamilyA_d2_M10_maxout_seed0,FamilyA,maxout,2,10,false_control,false_control,g_min_plus_delta,0.98875,0.96875,-0.020000000000000018,False,4,inf,27,0,249,0,249,inf,inf,inf,8,,16,,16,,0.0009604096412658691,False,no_finite_cover_or_timeout,,,,
FamilyA_d2_M10_maxout_seed1,FamilyA,maxout,2,10,tight_true,canonical_true,g_min,1.6745833333333333,1.6745833333333333,0.0,True,0,38.0,38,0,354,0,354,20.0,20.0,20.0,1,,16,,16,,0.004440922290086746,False,finite_cover,0.5263157894736842,1.9,1.25,
FamilyA_d2_M10_maxout_seed1,FamilyA,maxout,2,10,false_control,false_control,g_min_plus_delta,1.6945833333333333,1.6745833333333333,-0.020000000000000018,False,9,inf,29,0,267,0,267,inf,inf,inf,11,,16,,16,,0.0010269535705447197,False,no_finite_cover_or_timeout,,,,
FamilyA_d2_M10_maxout_seed2,FamilyA,maxout,2,10,tight_true,canonical_true,g_min,1.5925,1.5925,0.0,True,0,39.0,39,0,363,0,363,20.0,20.0,20.0,1,,16,,16,,0.004448633641004562,False,finite_cover,0.5128205128205128,1.95,1.25,
FamilyA_d2_M10_maxout_seed2,FamilyA,maxout,2,10,false_control,false_control,g_min_plus_delta,1.6125,1.5925,-0.020000000000000018,False,4,inf,35,0,323,0,323,inf,inf,inf,8,,16,,16,,0.0010854089632630348,False,no_finite_cover_or_timeout,,,,
FamilyA_d3_M4_relu_seed0,FamilyA,relu,3,4,tight_true,canonical_true,g_min,-1.5525000000000002,-1.5525000000000002,0.0,True,0,12.0,12,0,40,0,40,6.0,6.0,6.0,1,1.0,6,6.0,6,6.0,0.004562312737107277,False,finite_cover,0.5,2.0,1.0,
FamilyA_d3_M4_relu_seed0,FamilyA,relu,3,4,false_control,false_control,g_min_plus_delta,-1.5325000000000002,-1.5525000000000002,-0.020000000000000018,False,4,inf,8,0,24,0,24,inf,inf,inf,5,5.0,8,8.0,8,8.0,0.0006706481799483299,False,no_finite_cover_or_timeout,,,,
FamilyA_d3_M4_relu_seed1,FamilyA,relu,3,4,tight_true,canonical_true,g_min,-2.215,-2.215,0.0,True,0,14.0,14,0,45,0,45,7.0,7.0,7.0,1,1.0,7,7.0,7,7.0,0.004193845205008984,False,finite_cover,0.5,2.0,1.0,
FamilyA_d3_M4_relu_seed1,FamilyA,relu,3,4,false_control,false_control,g_min_plus_delta,-2.195,-2.215,-0.020000000000000018,False,3,inf,11,0,32,0,32,inf,inf,inf,6,6.0,9,9.0,9,9.0,0.0007121404632925987,False,no_finite_cover_or_timeout,,,,
FamilyA_d3_M4_relu_seed2,FamilyA,relu,3,4,tight_true,canonical_true,g_min,-2.045,-2.045,0.0,True,0,14.0,14,0,45,0,45,7.0,7.0,7.0,1,1.0,7,7.0,7,7.0,0.004193674772977829,False,finite_cover,0.5,2.0,1.0,
FamilyA_d3_M4_relu_seed2,FamilyA,relu,3,4,false_control,false_control,g_min_plus_delta,-2.025,-2.045,-0.020000000000000018,False,3,inf,11,0,32,0,32,inf,inf,inf,6,6.0,9,9.0,9,9.0,0.0006799688562750816,False,no_finite_cover_or_timeout,,,,
FamilyA_d3_M4_leakyrelu_seed0,FamilyA,leakyrelu,3,4,tight_true,canonical_true,g_min,-1.7517500000000001,-1.7517500000000001,0.0,True,0,12.0,12,0,40,0,40,6.0,6.0,6.0,1,1.0,6,6.0,6,6.0,0.004386669956147671,False,finite_cover,0.5,2.0,1.0,
FamilyA_d3_M4_leakyrelu_seed0,FamilyA,leakyrelu,3,4,false_control,false_control,g_min_plus_delta,-1.7317500000000001,-1.7517500000000001,-0.020000000000000018,False,4,inf,8,0,24,0,24,inf,inf,inf,5,5.0,8,8.0,8,8.0,0.0006612874567508698,False,no_finite_cover_or_timeout,,,,
FamilyA_d3_M4_leakyrelu_seed1,FamilyA,leakyrelu,3,4,tight_true,canonical_true,g_min,-2.307,-2.307,0.0,True,0,14.0,14,0,45,0,45,7.0,7.0,7.0,1,1.0,7,7.0,7,7.0,0.004067446105182171,False,finite_cover,0.5,2.0,1.0,
FamilyA_d3_M4_leakyrelu_seed1,FamilyA,leakyrelu,3,4,false_control,false_control,g_min_plus_delta,-2.287,-2.307,-0.020000000000000018,False,3,inf,11,0,32,0,32,inf,inf,inf,6,6.0,9,9.0,9,9.0,0.0006642574444413185,False,no_finite_cover_or_timeout,,,,
FamilyA_d3_M4_leakyrelu_seed2,FamilyA,leakyrelu,3,4,tight_true,canonical_true,g_min,-2.2145,-2.2145,0.0,True,0,14.0,14,0,45,0,45,7.0,7.0,7.0,1,1.0,7,7.0,7,7.0,0.004204126074910164,False,finite_cover,0.5,2.0,1.0,
FamilyA_d3_M4_leakyrelu_seed2,FamilyA,leakyrelu,3,4,false_control,false_control,g_min_plus_delta,-2.1945,-2.2145,-0.020000000000000018,False,3,inf,11,0,32,0,32,inf,inf,inf,6,6.0,9,9.0,9,9.0,0.0006740884855389595,False,no_finite_cover_or_timeout,,,,
FamilyA_d3_M4_abs_seed0,FamilyA,abs,3,4,tight_true,canonical_true,g_min,-0.10900000000000007,-0.10900000000000007,0.0,True,0,12.0,12,0,40,0,40,6.0,6.0,6.0,1,1.0,6,6.0,6,6.0,0.004301172681152821,False,finite_cover,0.5,2.0,1.0,
FamilyA_d3_M4_abs_seed0,FamilyA,abs,3,4,false_control,false_control,g_min_plus_delta,-0.08900000000000007,-0.10900000000000007,-0.020000000000000004,False,8,inf,4,0,12,0,12,inf,inf,inf,9,9.0,10,10.0,10,10.0,0.0006520869210362434,False,no_finite_cover_or_timeout,,,,
FamilyA_d3_M4_abs_seed1,FamilyA,abs,3,4,tight_true,canonical_true,g_min,-1.4050000000000002,-1.4050000000000002,0.0,True,0,14.0,14,0,45,0,45,7.0,7.0,7.0,1,1.0,7,7.0,7,7.0,0.004182535223662853,False,finite_cover,0.5,2.0,1.0,
FamilyA_d3_M4_abs_seed1,FamilyA,abs,3,4,false_control,false_control,g_min_plus_delta,-1.3850000000000002,-1.4050000000000002,-0.020000000000000018,False,6,inf,8,0,22,0,22,inf,inf,inf,8,8.0,10,10.0,10,10.0,0.0006498862057924271,False,no_finite_cover_or_timeout,,,,
FamilyA_d3_M4_abs_seed2,FamilyA,abs,3,4,tight_true,canonical_true,g_min,-0.3500000000000001,-0.3500000000000001,0.0,True,0,14.0,14,0,45,0,45,7.0,7.0,7.0,1,1.0,7,7.0,7,7.0,0.004173354245722294,False,finite_cover,0.5,2.0,1.0,
FamilyA_d3_M4_abs_seed2,FamilyA,abs,3,4,false_control,false_control,g_min_plus_delta,-0.33000000000000007,-0.3500000000000001,-0.020000000000000018,False,10,inf,4,0,10,0,10,inf,inf,inf,12,12.0,12,12.0,12,12.0,0.0006645182147622108,False,no_finite_cover_or_timeout,,,,
FamilyA_d3_M4_maxout_seed0,FamilyA,maxout,3,4,tight_true,canonical_true,g_min,-0.598125,-0.598125,0.0,True,0,14.0,14,0,45,0,45,7.0,7.0,7.0,1,1.0,7,7.0,7,7.0,0.0044664256274700165,False,finite_cover,0.5,2.0,1.0,
FamilyA_d3_M4_maxout_seed0,FamilyA,maxout,3,4,false_control,false_control,g_min_plus_delta,-0.578125,-0.598125,-0.020000000000000018,False,4,inf,10,0,29,0,29,inf,inf,inf,6,6.0,9,9.0,9,9.0,0.0006617773324251175,False,no_finite_cover_or_timeout,,,,
FamilyA_d3_M4_maxout_seed1,FamilyA,maxout,3,4,tight_true,canonical_true,g_min,-1.0695833333333336,-1.0695833333333336,0.0,True,0,14.0,14,0,45,0,45,7.0,7.0,7.0,1,1.0,7,7.0,7,7.0,0.00419116485863924,False,finite_cover,0.5,2.0,1.0,
FamilyA_d3_M4_maxout_seed1,FamilyA,maxout,3,4,false_control,false_control,g_min_plus_delta,-1.0495833333333335,-1.0695833333333336,-0.020000000000000018,False,4,inf,10,0,29,0,29,inf,inf,inf,6,6.0,9,9.0,9,9.0,0.0006810594350099564,False,no_finite_cover_or_timeout,,,,
FamilyA_d3_M4_maxout_seed2,FamilyA,maxout,3,4,tight_true,canonical_true,g_min,-0.23166666666666672,-0.23166666666666672,0.0,True,0,14.0,14,0,45,0,45,7.0,7.0,7.0,1,1.0,7,7.0,7,7.0,0.004197636619210243,False,finite_cover,0.5,2.0,1.0,
FamilyA_d3_M4_maxout_seed2,FamilyA,maxout,3,4,false_control,false_control,g_min_plus_delta,-0.21166666666666673,-0.23166666666666672,-0.01999999999999999,False,8,inf,6,0,17,0,17,inf,inf,inf,9,9.0,11,11.0,11,11.0,0.0006735790520906448,False,no_finite_cover_or_timeout,,,,
FamilyA_d3_M6_relu_seed0,FamilyA,relu,3,6,tight_true,canonical_true,g_min,-1.3916666666666668,-1.3916666666666668,0.0,True,0,33.0,33,0,161,0,161,17.0,18.0,17.0,1,,12,,12,,0.003696438856422901,False,finite_cover,0.5151515151515151,1.9411764705882353,1.4166666666666667,
FamilyA_d3_M6_relu_seed0,FamilyA,relu,3,6,false_control,false_control,g_min_plus_delta,-1.3716666666666668,-1.3916666666666668,-0.020000000000000018,False,4,inf,29,0,137,0,137,inf,inf,inf,7,,15,,15,,0.0008463812991976738,False,no_finite_cover_or_timeout,,,,
FamilyA_d3_M6_relu_seed1,FamilyA,relu,3,6,tight_true,canonical_true,g_min,-2.2350000000000003,-2.2350000000000003,0.0,True,0,34.0,34,0,165,0,165,17.0,17.0,17.0,1,,12,,12,,0.003694348968565464,False,finite_cover,0.5,2.0,1.4166666666666667,
FamilyA_d3_M6_relu_seed1,FamilyA,relu,3,6,false_control,false_control,g_min_plus_delta,-2.2150000000000003,-2.2350000000000003,-0.020000000000000018,False,2,inf,32,0,152,0,152,inf,inf,inf,7,,15,,15,,0.000852302648127079,False,no_finite_cover_or_timeout,,,,
FamilyA_d3_M6_relu_seed2,FamilyA,relu,3,6,tight_true,canonical_true,g_min,-2.1550000000000002,-2.1550000000000002,0.0,True,0,36.0,36,0,174,0,174,19.0,19.0,19.0,1,,15,,15,,0.003680477850139141,False,finite_cover,0.5277777777777778,1.894736842105263,1.2666666666666666,
FamilyA_d3_M6_relu_seed2,FamilyA,relu,3,6,false_control,false_control,g_min_plus_delta,-2.1350000000000002,-2.1550000000000002,-0.020000000000000018,False,2,inf,34,0,161,0,161,inf,inf,inf,6,,16,,16,,0.0008622333407402039,False,no_finite_cover_or_timeout,,,,
FamilyA_d3_M6_leakyrelu_seed0,FamilyA,leakyrelu,3,6,tight_true,canonical_true,g_min,-1.6460833333333336,-1.6460833333333336,0.0,True,0,33.0,33,0,161,0,161,17.0,18.0,17.0,1,,12,,12,,0.003703649155795574,False,finite_cover,0.5151515151515151,1.9411764705882353,1.4166666666666667,
FamilyA_d3_M6_leakyrelu_seed0,FamilyA,leakyrelu,3,6,false_control,false_control,g_min_plus_delta,-1.6260833333333335,-1.6460833333333336,-0.020000000000000018,False,4,inf,29,0,137,0,137,inf,inf,inf,7,,15,,15,,0.0008391914889216423,False,no_finite_cover_or_timeout,,,,
FamilyA_d3_M6_leakyrelu_seed1,FamilyA,leakyrelu,3,6,tight_true,canonical_true,g_min,-2.4005,-2.4005,0.0,True,0,34.0,34,0,165,0,165,17.0,17.0,17.0,1,,12,,12,,0.003751203417778015,False,finite_cover,0.5,2.0,1.4166666666666667,
FamilyA_d3_M6_leakyrelu_seed1,FamilyA,leakyrelu,3,6,false_control,false_control,g_min_plus_delta,-2.3805,-2.4005,-0.020000000000000018,False,2,inf,32,0,152,0,152,inf,inf,inf,7,,15,,15,,0.0008695637807250023,False,no_finite_cover_or_timeout,,,,
FamilyA_d3_M6_leakyrelu_seed2,FamilyA,leakyrelu,3,6,tight_true,canonical_true,g_min,-2.52925,-2.52925,0.0,True,0,36.0,36,0,174,0,174,19.0,19.0,19.0,1,,15,,15,,0.0036918791010975838,False,finite_cover,0.5277777777777778,1.894736842105263,1.2666666666666666,
FamilyA_d3_M6_leakyrelu_seed2,FamilyA,leakyrelu,3,6,false_control,false_control,g_min_plus_delta,-2.50925,-2.52925,-0.020000000000000018,False,2,inf,34,0,161,0,161,inf,inf,inf,6,,16,,16,,0.0008602617308497429,False,no_finite_cover_or_timeout,,,,
FamilyA_d3_M6_abs_seed0,FamilyA,abs,3,6,tight_true,canonical_true,g_min,0.33980769230769226,0.33980769230769226,0.0,True,0,33.0,33,0,161,0,161,17.0,18.0,17.0,1,,12,,12,,0.0037138406187295914,False,finite_cover,0.5151515151515151,1.9411764705882353,1.4166666666666667,
FamilyA_d3_M6_abs_seed0,FamilyA,abs,3,6,false_control,false_control,g_min_plus_delta,0.3598076923076923,0.33980769230769226,-0.020000000000000018,False,8,inf,25,0,117,0,117,inf,inf,inf,11,,16,,16,,0.000844242051243782,False,no_finite_cover_or_timeout,,,,
FamilyA_d3_M6_abs_seed1,FamilyA,abs,3,6,tight_true,canonical_true,g_min,-0.8450000000000001,-0.8450000000000001,0.0,True,0,34.0,34,0,165,0,165,17.0,17.0,17.0,1,,12,,12,,0.0036434661597013474,False,finite_cover,0.5,2.0,1.4166666666666667,
FamilyA_d3_M6_abs_seed1,FamilyA,abs,3,6,false_control,false_control,g_min_plus_delta,-0.8250000000000001,-0.8450000000000001,-0.020000000000000018,False,6,inf,28,0,130,0,130,inf,inf,inf,10,,16,,16,,0.0008409209549427032,False,no_finite_cover_or_timeout,,,,
FamilyA_d3_M6_abs_seed2,FamilyA,abs,3,6,tight_true,canonical_true,g_min,0.1533333333333332,0.1533333333333332,0.0,True,0,36.0,36,0,174,0,174,19.0,19.0,19.0,1,,15,,15,,0.0036947792395949364,False,finite_cover,0.5277777777777778,1.894736842105263,1.2666666666666666,
FamilyA_d3_M6_abs_seed2,FamilyA,abs,3,6,false_control,false_control,g_min_plus_delta,0.1733333333333332,0.1533333333333332,-0.01999999999999999,False,8,inf,28,0,130,0,130,inf,inf,inf,11,,16,,16,,0.0008537331596016884,False,no_finite_cover_or_timeout,,,,
FamilyA_d3_M6_maxout_seed0,FamilyA,maxout,3,6,tight_true,canonical_true,g_min,-0.13468750000000013,-0.13468750000000013,0.0,True,0,32.0,32,0,157,0,157,16.0,16.0,16.0,1,,12,,12,,0.00373863335698843,False,finite_cover,0.5,2.0,1.3333333333333333,
FamilyA_d3_M6_maxout_seed0,FamilyA,maxout,3,6,false_control,false_control,g_min_plus_delta,-0.11468750000000012,-0.13468750000000013,-0.020000000000000004,False,8,inf,24,0,113,0,113,inf,inf,inf,11,,16,,16,,0.0008174693211913109,False,no_finite_cover_or_timeout,,,,
FamilyA_d3_M6_maxout_seed1,FamilyA,maxout,3,6,tight_true,canonical_true,g_min,-0.40833333333333344,-0.40833333333333344,0.0,True,0,29.0,29,0,144,0,144,15.0,15.0,15.0,1,,11,,11,,0.003740292973816395,False,finite_cover,0.5172413793103449,1.9333333333333333,1.3636363636363635,
FamilyA_d3_M6_maxout_seed1,FamilyA,maxout,3,6,false_control,false_control,g_min_plus_delta,-0.3883333333333334,-0.40833333333333344,-0.020000000000000018,False,4,inf,25,0,120,0,120,inf,inf,inf,8,,13,,13,,0.0008385507389903069,False,no_finite_cover_or_timeout,,,,
FamilyA_d3_M6_maxout_seed2,FamilyA,maxout,3,6,tight_true,canonical_true,g_min,-0.12875000000000003,-0.12875000000000003,0.0,True,0,36.0,36,0,174,0,174,19.0,19.0,19.0,1,,12,,12,,0.0036451155319809914,False,finite_cover,0.5277777777777778,1.894736842105263,1.5833333333333333,
FamilyA_d3_M6_maxout_seed2,FamilyA,maxout,3,6,false_control,false_control,g_min_plus_delta,-0.10875000000000003,-0.12875000000000003,-0.020000000000000004,False,12,inf,24,0,110,0,110,inf,inf,inf,15,,16,,16,,0.0008379211649298668,False,no_finite_cover_or_timeout,,,,
FamilyA_d3_M8_relu_seed0,FamilyA,relu,3,8,tight_true,canonical_true,g_min,-1.5150000000000001,-1.5150000000000001,0.0,True,0,66.0,66,0,384,0,384,34.0,35.0,34.0,1,,16,,16,,0.004613186232745647,False,finite_cover,0.5151515151515151,1.9411764705882353,2.125,
FamilyA_d3_M8_relu_seed0,FamilyA,relu,3,8,false_control,false_control,g_min_plus_delta,-1.495,-1.5150000000000001,-0.020000000000000018,False,4,inf,62,0,384,0,384,inf,inf,inf,8,,16,,16,,0.0012113377451896667,False,no_finite_cover_or_timeout,,,,
FamilyA_d3_M8_relu_seed1,FamilyA,relu,3,8,tight_true,canonical_true,g_min,-0.44000000000000006,-0.44000000000000006,0.0,True,0,55.0,55,0,372,0,372,28.0,29.0,28.0,1,,16,,16,,0.004337924532592297,False,finite_cover,0.509090909090909,1.9642857142857142,1.75,
FamilyA_d3_M8_relu_seed1,FamilyA,relu,3,8,false_control,false_control,g_min_plus_delta,-0.42000000000000004,-0.44000000000000006,-0.020000000000000018,False,4,inf,51,0,340,0,340,inf,inf,inf,7,,16,,16,,0.0011691944673657417,False,no_finite_cover_or_timeout,,,,
FamilyA_d3_M8_relu_seed2,FamilyA,relu,3,8,tight_true,canonical_true,g_min,-1.31,-1.31,0.0,True,0,67.0,67,0,384,0,384,34.0,36.0,34.0,1,,16,,16,,0.004451854154467583,False,finite_cover,0.5074626865671642,1.9705882352941178,2.125,
FamilyA_d3_M8_relu_seed2,FamilyA,relu,3,8,false_control,false_control,g_min_plus_delta,-1.29,-1.31,-0.020000000000000018,False,4,inf,63,0,384,0,384,inf,inf,inf,8,,16,,16,,0.001307235099375248,False,no_finite_cover_or_timeout,,,,
FamilyA_d3_M8_leakyrelu_seed0,FamilyA,leakyrelu,3,8,tight_true,canonical_true,g_min,-1.9932500000000002,-1.9932500000000002,0.0,True,0,66.0,66,0,384,0,384,34.0,35.0,34.0,1,,16,,16,,0.004603106528520584,False,finite_cover,0.5151515151515151,1.9411764705882353,2.125,
FamilyA_d3_M8_leakyrelu_seed0,FamilyA,leakyrelu,3,8,false_control,false_control,g_min_plus_delta,-1.9732500000000002,-1.9932500000000002,-0.020000000000000018,False,4,inf,62,0,384,0,384,inf,inf,inf,8,,16,,16,,0.0013163862749934196,False,no_finite_cover_or_timeout,,,,
FamilyA_d3_M8_leakyrelu_seed1,FamilyA,leakyrelu,3,8,tight_true,canonical_true,g_min,-1.2859999999999998,-1.2859999999999998,0.0,True,0,55.0,55,0,372,0,372,28.0,29.0,28.0,1,,16,,16,,0.004387660883367062,False,finite_cover,0.509090909090909,1.9642857142857142,1.75,
FamilyA_d3_M8_leakyrelu_seed1,FamilyA,leakyrelu,3,8,false_control,false_control,g_min_plus_delta,-1.2659999999999998,-1.2859999999999998,-0.020000000000000018,False,2,inf,53,0,355,0,355,inf,inf,inf,5,,16,,16,,0.0011662757024168968,False,no_finite_cover_or_timeout,,,,
FamilyA_d3_M8_leakyrelu_seed2,FamilyA,leakyrelu,3,8,tight_true,canonical_true,g_min,-1.91975,-1.91975,0.0,True,0,67.0,67,0,384,0,384,34.0,36.0,34.0,1,,16,,16,,0.00448150560259819,False,finite_cover,0.5074626865671642,1.9705882352941178,2.125,
FamilyA_d3_M8_leakyrelu_seed2,FamilyA,leakyrelu,3,8,false_control,false_control,g_min_plus_delta,-1.89975,-1.91975,-0.020000000000000018,False,2,inf,65,0,384,0,384,inf,inf,inf,5,,16,,16,,0.001202496699988842,False,no_finite_cover_or_timeout,,,,
FamilyA_d3_M8_abs_seed0,FamilyA,abs,3,8,tight_true,canonical_true,g_min,0.49083333333333323,0.49083333333333323,0.0,True,0,66.0,66,0,384,0,384,34.0,35.0,34.0,1,,16,,16,,0.004595574922859669,False,finite_cover,0.5151515151515151,1.9411764705882353,2.125,
FamilyA_d3_M8_abs_seed0,FamilyA,abs,3,8,false_control,false_control,g_min_plus_delta,0.5108333333333333,0.49083333333333323,-0.020000000000000018,False,8,inf,58,0,380,0,380,inf,inf,inf,11,,16,,16,,0.0012754229828715324,False,no_finite_cover_or_timeout,,,,
FamilyA_d3_M8_abs_seed1,FamilyA,abs,3,8,tight_true,canonical_true,g_min,1.4925,1.4925,0.0,True,0,55.0,55,0,372,0,372,28.0,29.0,28.0,1,,16,,16,,0.0043308548629283905,False,finite_cover,0.509090909090909,1.9642857142857142,1.75,
FamilyA_d3_M8_abs_seed1,FamilyA,abs,3,8,false_control,false_control,g_min_plus_delta,1.5125,1.4925,-0.020000000000000018,False,8,inf,47,0,312,0,312,inf,inf,inf,12,,16,,16,,0.0010823486372828484,False,no_finite_cover_or_timeout,,,,
FamilyA_d3_M8_abs_seed2,FamilyA,abs,3,8,tight_true,canonical_true,g_min,1.037,1.037,0.0,True,0,67.0,67,0,384,0,384,34.0,36.0,34.0,1,,16,,16,,0.004471765831112862,False,finite_cover,0.5074626865671642,1.9705882352941178,2.125,
FamilyA_d3_M8_abs_seed2,FamilyA,abs,3,8,false_control,false_control,g_min_plus_delta,1.057,1.037,-0.020000000000000018,False,8,inf,59,0,384,0,384,inf,inf,inf,11,,16,,16,,0.0012478204444050789,False,no_finite_cover_or_timeout,,,,
FamilyA_d3_M8_maxout_seed0,FamilyA,maxout,3,8,tight_true,canonical_true,g_min,0.2206249999999999,0.2206249999999999,0.0,True,0,68.0,68,0,384,0,384,35.0,37.0,35.0,1,,16,,16,,0.0046785008162260056,False,finite_cover,0.5147058823529411,1.9428571428571428,2.1875,
FamilyA_d3_M8_maxout_seed0,FamilyA,maxout,3,8,false_control,false_control,g_min_plus_delta,0.2406249999999999,0.2206249999999999,-0.01999999999999999,False,12,inf,56,0,365,0,365,inf,inf,inf,15,,16,,16,,0.0011598244309425354,False,no_finite_cover_or_timeout,,,,
FamilyA_d3_M8_maxout_seed1,FamilyA,maxout,3,8,tight_true,canonical_true,g_min,0.9598333333333332,0.9598333333333332,0.0,True,0,61.0,61,0,384,0,384,31.0,31.0,31.0,1,,16,,16,,0.004432503134012222,False,finite_cover,0.5081967213114754,1.967741935483871,1.9375,
FamilyA_d3_M8_maxout_seed1,FamilyA,maxout,3,8,false_control,false_control,g_min_plus_delta,0.9798333333333332,0.9598333333333332,-0.020000000000000018,False,8,inf,53,0,350,0,350,inf,inf,inf,10,,16,,16,,0.0012597320601344109,False,no_finite_cover_or_timeout,,,,
FamilyA_d3_M8_maxout_seed2,FamilyA,maxout,3,8,tight_true,canonical_true,g_min,0.5062499999999999,0.5062499999999999,0.0,True,0,67.0,67,0,384,0,384,35.0,35.0,35.0,1,,16,,16,,0.004427012056112289,False,finite_cover,0.5223880597014925,1.9142857142857144,2.1875,
FamilyA_d3_M8_maxout_seed2,FamilyA,maxout,3,8,false_control,false_control,g_min_plus_delta,0.5262499999999999,0.5062499999999999,-0.020000000000000018,False,8,inf,59,0,384,0,384,inf,inf,inf,10,,16,,16,,0.00118221715092659,False,no_finite_cover_or_timeout,,,,
FamilyA_d3_M10_relu_seed0,FamilyA,relu,3,10,tight_true,canonical_true,g_min,-1.76,-1.76,0.0,True,0,104.0,104,0,384,0,384,75.0,76.0,75.0,1,,16,,16,,0.006441949866712093,False,finite_cover,0.7211538461538461,1.3866666666666667,4.6875,
FamilyA_d3_M10_relu_seed0,FamilyA,relu,3,10,false_control,false_control,g_min_plus_delta,-1.74,-1.76,-0.020000000000000018,False,4,inf,100,0,384,0,384,inf,inf,inf,1,,16,,16,,0.0013333288952708244,False,no_finite_cover_or_timeout,,,,
FamilyA_d3_M10_relu_seed1,FamilyA,relu,3,10,tight_true,canonical_true,g_min,-0.62,-0.62,0.0,True,0,109.0,109,0,384,0,384,78.0,81.0,78.0,1,,16,,16,,0.008254610933363438,False,finite_cover,0.7155963302752294,1.3974358974358974,4.875,
FamilyA_d3_M10_relu_seed1,FamilyA,relu,3,10,false_control,false_control,g_min_plus_delta,-0.6,-0.62,-0.020000000000000018,False,4,inf,105,0,384,0,384,inf,inf,inf,4,,16,,16,,0.0012845732271671295,False,no_finite_cover_or_timeout,,,,
FamilyA_d3_M10_relu_seed2,FamilyA,relu,3,10,tight_true,canonical_true,g_min,-1.59,-1.59,0.0,True,0,94.0,94,0,384,0,384,61.0,63.0,61.0,1,,16,,16,,0.00582246296107769,False,finite_cover,0.648936170212766,1.540983606557377,3.8125,
FamilyA_d3_M10_relu_seed2,FamilyA,relu,3,10,false_control,false_control,g_min_plus_delta,-1.57,-1.59,-0.020000000000000018,False,6,inf,88,0,384,0,384,inf,inf,inf,4,,16,,16,,0.0012321388348937035,False,no_finite_cover_or_timeout,,,,
FamilyA_d3_M10_leakyrelu_seed0,FamilyA,leakyrelu,3,10,tight_true,canonical_true,g_min,-2.467,-2.467,0.0,True,0,104.0,104,0,384,0,384,75.0,76.0,75.0,1,,16,,16,,0.006224002689123154,False,finite_cover,0.7211538461538461,1.3866666666666667,4.6875,
FamilyA_d3_M10_leakyrelu_seed0,FamilyA,leakyrelu,3,10,false_control,false_control,g_min_plus_delta,-2.447,-2.467,-0.020000000000000018,False,2,inf,102,0,384,0,384,inf,inf,inf,1,,16,,16,,0.0013290466740727425,False,no_finite_cover_or_timeout,,,,
FamilyA_d3_M10_leakyrelu_seed1,FamilyA,leakyrelu,3,10,tight_true,canonical_true,g_min,-1.2610000000000001,-1.2610000000000001,0.0,True,0,109.0,109,0,384,0,384,78.0,81.0,78.0,1,,16,,16,,0.008264381438493729,False,finite_cover,0.7155963302752294,1.3974358974358974,4.875,
FamilyA_d3_M10_leakyrelu_seed1,FamilyA,leakyrelu,3,10,false_control,false_control,g_min_plus_delta,-1.241,-1.2610000000000001,-0.020000000000000018,False,7,inf,102,0,384,0,384,inf,inf,inf,5,,16,,16,,0.001270032487809658,False,no_finite_cover_or_timeout,,,,
FamilyA_d3_M10_leakyrelu_seed2,FamilyA,leakyrelu,3,10,tight_true,canonical_true,g_min,-2.2051250000000002,-2.2051250000000002,0.0,True,0,94.0,94,0,384,0,384,61.0,63.0,61.0,1,,16,,16,,0.005732656456530094,False,finite_cover,0.648936170212766,1.540983606557377,3.8125,
FamilyA_d3_M10_leakyrelu_seed2,FamilyA,leakyrelu,3,10,false_control,false_control,g_min_plus_delta,-2.185125,-2.2051250000000002,-0.020000000000000018,False,6,inf,88,0,384,0,384,inf,inf,inf,4,,16,,16,,0.0012417398393154144,False,no_finite_cover_or_timeout,,,,
FamilyA_d3_M10_abs_seed0,FamilyA,abs,3,10,tight_true,canonical_true,g_min,1.3146666666666664,1.3146666666666664,0.0,True,0,104.0,104,0,384,0,384,75.0,76.0,75.0,1,,16,,16,,0.006425919011235237,False,finite_cover,0.7211538461538461,1.3866666666666667,4.6875,
FamilyA_d3_M10_abs_seed0,FamilyA,abs,3,10,false_control,false_control,g_min_plus_delta,1.3346666666666664,1.3146666666666664,-0.020000000000000018,False,14,inf,90,0,384,0,384,inf,inf,inf,3,,16,,16,,0.0012732930481433868,False,no_finite_cover_or_timeout,,,,
FamilyA_d3_M10_abs_seed1,FamilyA,abs,3,10,tight_true,canonical_true,g_min,1.9283333333333332,1.9283333333333332,0.0,True,0,109.0,109,0,384,0,384,78.0,81.0,78.0,1,,16,,16,,0.008215648122131824,False,finite_cover,0.7155963302752294,1.3974358974358974,4.875,
FamilyA_d3_M10_abs_seed1,FamilyA,abs,3,10,false_control,false_control,g_min_plus_delta,1.9483333333333333,1.9283333333333332,-0.020000000000000018,False,12,inf,97,0,384,0,384,inf,inf,inf,8,,16,,16,,0.0012757619842886925,False,no_finite_cover_or_timeout,,,,
FamilyA_d3_M10_abs_seed2,FamilyA,abs,3,10,tight_true,canonical_true,g_min,1.5999999999999996,1.5999999999999996,0.0,True,0,94.0,94,0,384,0,384,61.0,63.0,61.0,1,,16,,16,,0.005755619145929813,False,finite_cover,0.648936170212766,1.540983606557377,3.8125,
FamilyA_d3_M10_abs_seed2,FamilyA,abs,3,10,false_control,false_control,g_min_plus_delta,1.6199999999999997,1.5999999999999996,-0.020000000000000018,False,14,inf,80,0,384,0,384,inf,inf,inf,5,,16,,16,,0.0012461496517062187,False,no_finite_cover_or_timeout,,,,
FamilyA_d3_M10_maxout_seed0,FamilyA,maxout,3,10,tight_true,canonical_true,g_min,0.19999999999999996,0.19999999999999996,0.0,True,0,114.0,114,0,384,0,384,83.0,83.0,83.0,1,,16,,16,,0.008861315436661243,False,finite_cover,0.7280701754385965,1.3734939759036144,5.1875,
FamilyA_d3_M10_maxout_seed0,FamilyA,maxout,3,10,false_control,false_control,g_min_plus_delta,0.21999999999999995,0.19999999999999996,-0.01999999999999999,False,8,inf,106,0,384,0,384,inf,inf,inf,2,,16,,16,,0.0014047417789697647,False,no_finite_cover_or_timeout,,,,
FamilyA_d3_M10_maxout_seed1,FamilyA,maxout,3,10,tight_true,canonical_true,g_min,1.61625,1.61625,0.0,True,0,113.0,113,0,384,0,384,86.0,88.0,86.0,1,,16,,16,,0.0054172854870557785,False,finite_cover,0.7610619469026548,1.313953488372093,5.375,
FamilyA_d3_M10_maxout_seed1,FamilyA,maxout,3,10,false_control,false_control,g_min_plus_delta,1.63625,1.61625,-0.020000000000000018,False,12,inf,101,0,384,0,384,inf,inf,inf,2,,16,,16,,0.0013699894770979881,False,no_finite_cover_or_timeout,,,,
FamilyA_d3_M10_maxout_seed2,FamilyA,maxout,3,10,tight_true,canonical_true,g_min,0.9962499999999999,0.9962499999999999,0.0,True,0,116.0,116,0,384,0,384,86.0,87.0,86.0,1,,16,,16,,0.0073645757511258125,False,finite_cover,0.7413793103448276,1.3488372093023255,5.375,
FamilyA_d3_M10_maxout_seed2,FamilyA,maxout,3,10,false_control,false_control,g_min_plus_delta,1.0162499999999999,0.9962499999999999,-0.020000000000000018,False,14,inf,102,0,384,0,384,inf,inf,inf,3,,16,,16,,0.0012787822633981705,False,no_finite_cover_or_timeout,,,,
FamilyB_d5_M4_relu_seed0,FamilyB,relu,5,4,tight_true,canonical_true,g_min,-2.35,-2.35,0.0,True,0,16.0,16,0,48,0,48,8.0,8.0,8.0,1,,8,,8,,0.003815367817878723,False,finite_cover,0.5,2.0,1.0,
FamilyB_d5_M4_relu_seed0,FamilyB,relu,5,4,false_control,false_control,g_min_plus_delta,-2.33,-2.35,-0.020000000000000018,False,4,inf,12,0,32,0,32,inf,inf,inf,6,,10,,10,,0.00068702083081007,False,no_finite_cover_or_timeout,,,,
FamilyB_d5_M4_maxout_seed0,FamilyB,maxout,5,4,tight_true,canonical_true,g_min,-0.9300000000000002,-0.9300000000000002,0.0,True,0,16.0,16,0,48,0,48,8.0,8.0,8.0,1,,8,,8,,0.0038525499403476715,False,finite_cover,0.5,2.0,1.0,
FamilyB_d5_M4_maxout_seed0,FamilyB,maxout,5,4,false_control,false_control,g_min_plus_delta,-0.9100000000000001,-0.9300000000000002,-0.020000000000000018,False,16,inf,0,0,0,0,0,,,,16,,16,,16,,,,no_finite_cover_or_timeout,,,,
FamilyB_d5_M6_relu_seed0,FamilyB,relu,5,6,tight_true,canonical_true,g_min,-2.35,-2.35,0.0,True,0,52.0,52,0,224,0,224,26.0,26.0,26.0,1,,16,,16,,0.0036859875544905663,False,finite_cover,0.5,2.0,1.625,
FamilyB_d5_M6_relu_seed0,FamilyB,relu,5,6,false_control,false_control,g_min_plus_delta,-2.33,-2.35,-0.020000000000000018,False,4,inf,48,0,200,0,200,inf,inf,inf,8,,16,,16,,0.0009639803320169449,False,no_finite_cover_or_timeout,,,,
FamilyB_d5_M6_maxout_seed0,FamilyB,maxout,5,6,tight_true,canonical_true,g_min,-0.9675000000000002,-0.9675000000000002,0.0,True,0,62.0,62,0,253,0,253,31.0,31.0,31.0,1,,16,,16,,0.003674267791211605,False,finite_cover,0.5,2.0,1.9375,
FamilyB_d5_M6_maxout_seed0,FamilyB,maxout,5,6,false_control,false_control,g_min_plus_delta,-0.9475000000000002,-0.9675000000000002,-0.020000000000000018,False,16,inf,46,0,173,0,173,inf,inf,inf,16,,16,,16,,0.0009114071726799011,False,no_finite_cover_or_timeout,,,,
FamilyB_d10_M4_relu_seed0,FamilyB,relu,10,4,tight_true,canonical_true,g_min,-2.35,-2.35,0.0,True,0,16.0,16,0,48,0,48,8.0,8.0,8.0,1,,8,,8,,0.003796636126935482,False,finite_cover,0.5,2.0,1.0,
FamilyB_d10_M4_relu_seed0,FamilyB,relu,10,4,false_control,false_control,g_min_plus_delta,-2.33,-2.35,-0.020000000000000018,False,8,inf,8,0,20,0,20,inf,inf,inf,9,,12,,12,,0.0006817402318120003,False,no_finite_cover_or_timeout,,,,
FamilyB_d10_M4_maxout_seed0,FamilyB,maxout,10,4,tight_true,canonical_true,g_min,-2.5987500000000003,-2.5987500000000003,0.0,True,0,16.0,16,0,48,0,48,8.0,8.0,8.0,1,,8,,8,,0.0036432649940252304,False,finite_cover,0.5,2.0,1.0,
FamilyB_d10_M4_maxout_seed0,FamilyB,maxout,10,4,false_control,false_control,g_min_plus_delta,-2.5787500000000003,-2.5987500000000003,-0.020000000000000018,False,16,inf,0,0,0,0,0,,,,16,,16,,16,,,,no_finite_cover_or_timeout,,,,
FamilyB_d10_M6_relu_seed0,FamilyB,relu,10,6,tight_true,canonical_true,g_min,-1.866666666666667,-1.866666666666667,0.0,True,0,64.0,64,0,256,0,256,32.0,32.0,32.0,1,,16,,16,,0.003962039016187191,False,finite_cover,0.5,2.0,2.0,
FamilyB_d10_M6_relu_seed0,FamilyB,relu,10,6,false_control,false_control,g_min_plus_delta,-1.846666666666667,-1.866666666666667,-0.020000000000000018,False,16,inf,48,0,176,0,176,inf,inf,inf,16,,16,,16,,0.0009452188387513161,False,no_finite_cover_or_timeout,,,,
FamilyB_d10_M6_maxout_seed0,FamilyB,maxout,10,6,tight_true,canonical_true,g_min,-2.1550000000000002,-2.1550000000000002,0.0,True,0,64.0,64,0,256,0,256,32.0,32.0,32.0,1,,16,,16,,0.003711889497935772,False,finite_cover,0.5,2.0,2.0,
FamilyB_d10_M6_maxout_seed0,FamilyB,maxout,10,6,false_control,false_control,g_min_plus_delta,-2.1350000000000002,-2.1550000000000002,-0.020000000000000018,False,32,inf,32,0,112,0,112,inf,inf,inf,16,,16,,16,,0.0008445102721452713,False,no_finite_cover_or_timeout,,,,
SelectionStress_d2_Hid4_relu_seed0,SelectionStress,visible_relu,2,5,tight_true,canonical_true,g_min,-0.10000000000000005,-0.10000000000000005,0.0,True,0,14.0,14,0,63,0,63,7.0,7.0,7.0,1,1.0,7,7.0,7,7.0,0.0047102924436330795,False,finite_cover,3.5,2.0,1.0,
SelectionStress_d2_Hid4_relu_seed0,SelectionStress,visible_relu,2,5,false_control,false_control,g_min_plus_delta,-0.08000000000000004,-0.10000000000000005,-0.020000000000000004,False,10,inf,4,0,16,0,16,inf,inf,inf,11,11.0,12,12.0,12,12.0,0.000680980272591114,False,no_finite_cover_or_timeout,,,,
SelectionStress_d2_Hid4_maxout_seed0,SelectionStress,visible_maxout,2,5,tight_true,canonical_true,g_min,-0.1375000000000001,-0.1375000000000001,0.0,True,0,12.0,12,0,55,0,55,6.0,6.0,6.0,1,1.0,6,6.0,6,6.0,0.004694482311606407,False,finite_cover,3.0,2.0,1.0,
SelectionStress_d2_Hid4_maxout_seed0,SelectionStress,visible_maxout,2,5,false_control,false_control,g_min_plus_delta,-0.11750000000000009,-0.1375000000000001,-0.020000000000000004,False,6,inf,6,0,26,0,26,inf,inf,inf,7,7.0,9,9.0,9,9.0,0.0006910199299454689,False,no_finite_cover_or_timeout,,,,
SelectionStress_d2_Hid6_relu_seed0,SelectionStress,visible_relu,2,7,tight_true,canonical_true,g_min,-0.10000000000000005,-0.10000000000000005,0.0,True,0,24.0,24,0,153,0,153,13.0,13.0,13.0,1,,12,,12,,0.00417652353644371,False,finite_cover,6.5,1.8461538461538463,1.0833333333333333,
SelectionStress_d2_Hid6_relu_seed0,SelectionStress,visible_relu,2,7,false_control,false_control,g_min_plus_delta,-0.08000000000000004,-0.10000000000000005,-0.020000000000000004,False,21,inf,3,0,18,0,18,inf,inf,inf,16,,16,,16,,0.0007243528962135315,False,no_finite_cover_or_timeout,,,,
SelectionStress_d2_Hid6_maxout_seed0,SelectionStress,visible_maxout,2,7,tight_true,canonical_true,g_min,-0.13750000000000007,-0.13750000000000007,0.0,True,0,25.0,25,0,159,0,159,13.0,13.0,13.0,1,,12,,12,,0.004183424636721611,False,finite_cover,6.5,1.9230769230769231,1.0833333333333333,
SelectionStress_d2_Hid6_maxout_seed0,SelectionStress,visible_maxout,2,7,false_control,false_control,g_min_plus_delta,-0.11750000000000006,-0.13750000000000007,-0.020000000000000004,False,12,inf,13,0,79,0,79,inf,inf,inf,15,,16,,16,,0.0008139191195368767,False,no_finite_cover_or_timeout,,,,
SelectionStress_d2_Hid8_relu_seed0,SelectionStress,visible_relu,2,9,tight_true,canonical_true,g_min,-0.10000000000000002,-0.10000000000000002,0.0,True,0,38.0,38,0,315,0,315,20.0,20.0,20.0,1,,14,,14,,0.004254348576068878,False,finite_cover,10.0,1.9,1.4285714285714286,
SelectionStress_d2_Hid8_relu_seed0,SelectionStress,visible_relu,2,9,false_control,false_control,g_min_plus_delta,-0.08000000000000002,-0.10000000000000002,-0.020000000000000004,False,33,inf,5,0,40,0,40,inf,inf,inf,16,,16,,16,,0.0008348012343049049,False,no_finite_cover_or_timeout,,,,
SelectionStress_d2_Hid8_maxout_seed0,SelectionStress,visible_maxout,2,9,tight_true,canonical_true,g_min,-0.13750000000000012,-0.13750000000000012,0.0,True,0,38.0,38,0,315,0,315,19.0,19.0,19.0,1,,16,,16,,0.0042357295751571655,False,finite_cover,9.5,2.0,1.1875,
SelectionStress_d2_Hid8_maxout_seed0,SelectionStress,visible_maxout,2,9,false_control,false_control,g_min_plus_delta,-0.11750000000000012,-0.13750000000000012,-0.020000000000000004,False,16,inf,22,0,178,0,178,inf,inf,inf,16,,16,,16,,0.0009549995884299278,False,no_finite_cover_or_timeout,,,,
SelectionStress_d3_Hid4_relu_seed0,SelectionStress,visible_relu,3,5,tight_true,canonical_true,g_min,-0.10000000000000005,-0.10000000000000005,0.0,True,0,24.0,24,0,95,0,95,12.0,12.0,12.0,1,,9,,9,,0.0036704475060105324,False,finite_cover,6.0,2.0,1.3333333333333333,
SelectionStress_d3_Hid4_relu_seed0,SelectionStress,visible_relu,3,5,false_control,false_control,g_min_plus_delta,-0.08000000000000004,-0.10000000000000005,-0.020000000000000004,False,24,inf,0,0,0,0,0,,,,16,,16,,16,,,,no_finite_cover_or_timeout,,,,
SelectionStress_d3_Hid4_maxout_seed0,SelectionStress,visible_maxout,3,5,tight_true,canonical_true,g_min,-0.13750000000000004,-0.13750000000000004,0.0,True,0,25.0,25,0,98,0,98,13.0,13.0,13.0,1,,10,,10,,0.0036772768944501877,False,finite_cover,6.5,1.9230769230769231,1.3,
SelectionStress_d3_Hid4_maxout_seed0,SelectionStress,visible_maxout,3,5,false_control,false_control,g_min_plus_delta,-0.11750000000000003,-0.13750000000000004,-0.020000000000000004,False,22,inf,3,0,9,0,9,inf,inf,inf,16,,16,,16,,0.00070981215685606,False,no_finite_cover_or_timeout,,,,
SelectionStress_d3_Hid6_relu_seed0,SelectionStress,visible_relu,3,7,tight_true,canonical_true,g_min,-0.10000000000000007,-0.10000000000000007,0.0,True,0,65.0,65,0,359,0,359,33.0,34.0,33.0,1,,16,,16,,0.004634657874703407,False,finite_cover,2.2,1.9696969696969697,2.0625,
SelectionStress_d3_Hid6_relu_seed0,SelectionStress,visible_relu,3,7,false_control,false_control,g_min_plus_delta,-0.08000000000000007,-0.10000000000000007,-0.020000000000000004,False,62,inf,3,0,15,0,15,inf,inf,inf,16,,16,,16,,0.00074787437915802,False,no_finite_cover_or_timeout,,,,
SelectionStress_d3_Hid6_maxout_seed0,SelectionStress,visible_maxout,3,7,tight_true,canonical_true,g_min,-0.13750000000000004,-0.13750000000000004,0.0,True,0,54.0,54,0,307,0,307,27.0,29.0,27.0,1,,16,,16,,0.004034704528748989,False,finite_cover,13.5,2.0,1.6875,
SelectionStress_d3_Hid6_maxout_seed0,SelectionStress,visible_maxout,3,7,false_control,false_control,g_min_plus_delta,-0.11750000000000003,-0.13750000000000004,-0.020000000000000004,False,30,inf,24,0,128,0,128,inf,inf,inf,16,,16,,16,,0.0008509019389748573,False,no_finite_cover_or_timeout,,,,
SelectionStress_d3_Hid8_relu_seed0,SelectionStress,visible_relu,3,9,tight_true,canonical_true,g_min,-0.10000000000000005,-0.10000000000000005,0.0,True,0,104.0,104,0,384,0,384,70.0,72.0,70.0,1,,16,,16,,0.005455036647617817,False,finite_cover,35.0,1.4857142857142858,4.375,
SelectionStress_d3_Hid8_relu_seed0,SelectionStress,visible_relu,3,9,false_control,false_control,g_min_plus_delta,-0.08000000000000004,-0.10000000000000005,-0.020000000000000004,False,70,inf,34,0,244,0,244,inf,inf,inf,16,,16,,16,,0.0010791691020131111,False,no_finite_cover_or_timeout,,,,
SelectionStress_d3_Hid8_maxout_seed0,SelectionStress,visible_maxout,3,9,tight_true,canonical_true,g_min,-0.13750000000000004,-0.13750000000000004,0.0,True,0,100.0,100,0,384,0,384,66.0,66.0,66.0,1,,16,,16,,0.005691723898053169,False,finite_cover,33.0,1.5151515151515151,4.125,
SelectionStress_d3_Hid8_maxout_seed0,SelectionStress,visible_maxout,3,9,false_control,false_control,g_min_plus_delta,-0.11750000000000003,-0.13750000000000004,-0.020000000000000004,False,53,inf,47,0,340,0,340,inf,inf,inf,16,,16,,16,,0.0011897366493940353,False,no_finite_cover_or_timeout,,,,
ThresholdStress_d2_M6_seed0,ThresholdStress,positive_abs_relu_mix,2,6,margin_true,canonical_true,metadata_preferred,0.0,0.2815,0.2815,True,0,20.0,20,0,108,0,108,10.0,10.0,10.0,1,,9,,9,,0.004218176938593388,False,finite_cover,0.5,2.0,1.1111111111111112,
ThresholdStress_d2_M6_seed0,ThresholdStress,positive_abs_relu_mix,2,6,false_control,false_control,g_min_plus_delta,0.3015,0.2815,-0.020000000000000018,False,10,inf,10,0,52,0,52,inf,inf,inf,13,,15,,15,,0.0007237624377012253,False,no_finite_cover_or_timeout,,,,
ThresholdStress_d2_M8_seed0,ThresholdStress,positive_abs_relu_mix,2,8,margin_true,canonical_true,metadata_preferred,0.0,0.6735,0.6735,True,0,33.0,33,0,241,0,241,17.0,17.0,17.0,1,,16,,16,,0.004143241792917252,False,finite_cover,0.5151515151515151,1.9411764705882353,1.0625,
ThresholdStress_d2_M8_seed0,ThresholdStress,positive_abs_relu_mix,2,8,false_control,false_control,g_min_plus_delta,0.6935,0.6735,-0.020000000000000018,False,8,inf,25,0,179,0,179,inf,inf,inf,12,,16,,16,,0.0009341677650809288,False,no_finite_cover_or_timeout,,,,
ThresholdStress_d3_M6_seed0,ThresholdStress,positive_abs_relu_mix,3,6,margin_true,canonical_true,metadata_preferred,0.0,0.3866730769230769,0.3866730769230769,True,0,33.0,33,0,161,0,161,17.0,18.0,17.0,1,,12,,12,,0.003694988787174225,False,finite_cover,0.5151515151515151,1.9411764705882353,1.4166666666666667,
ThresholdStress_d3_M6_seed0,ThresholdStress,positive_abs_relu_mix,3,6,false_control,false_control,g_min_plus_delta,0.4066730769230769,0.3866730769230769,-0.020000000000000018,False,12,inf,21,0,97,0,97,inf,inf,inf,14,,16,,16,,0.0007919985800981522,False,no_finite_cover_or_timeout,,,,
ThresholdStress_d3_M8_seed0,ThresholdStress,positive_abs_relu_mix,3,8,margin_true,canonical_true,metadata_preferred,0.0,0.44299999999999995,0.44299999999999995,True,0,66.0,66,0,384,0,384,34.0,35.0,34.0,1,,16,,16,,0.004634507931768894,False,finite_cover,0.5151515151515151,1.9411764705882353,2.125,
ThresholdStress_d3_M8_seed0,ThresholdStress,positive_abs_relu_mix,3,8,false_control,false_control,g_min_plus_delta,0.46299999999999997,0.44299999999999995,-0.020000000000000018,False,25,inf,41,0,264,0,264,inf,inf,inf,16,,16,,16,,0.0011084610596299171,False,no_finite_cover_or_timeout,,,,
